{"cameraMode":{"drawMode":0,"name":"Shaded","section":"Shading Mode"},"sceneLighting":true,"audioPlay":false,"sceneViewState":{"m_AlwaysRefresh":false,"showFog":true,"showSkybox":true,"showFlares":true,"showImageEffects":true,"showParticleSystems":true,"showVisualEffectGraphs":true,"m_FxEnabled":true},"in2DMode":false,"pivot":{"x":14.478497505187989,"y":-14.239072799682618,"z":15.07641315460205},"rotation":{"x":0.35049790143966677,"y":0.28669634461402895,"z":-0.11389483511447907,"w":0.8844079375267029},"size":26.65129852294922,"orthographic":false}