{"cameraMode":{"drawMode":0,"name":"Shaded","section":"Shading Mode"},"sceneLighting":true,"audioPlay":false,"sceneViewState":{"m_AlwaysRefresh":false,"showFog":true,"showSkybox":true,"showFlares":true,"showImageEffects":true,"showParticleSystems":true,"showVisualEffectGraphs":true,"m_FxEnabled":true},"in2DMode":false,"pivot":{"x":25.231796264648439,"y":17.321151733398439,"z":29.17705535888672},"rotation":{"x":0.21645031869411469,"y":0.3427256643772125,"z":-0.08151819556951523,"w":0.9105526208877564},"size":58.35015106201172,"orthographic":false}