{"cameraMode":{"drawMode":0,"name":"Shaded","section":"Shading Mode"},"sceneLighting":true,"audioPlay":false,"sceneViewState":{"m_AlwaysRefresh":false,"showFog":true,"showSkybox":true,"showFlares":true,"showImageEffects":true,"showParticleSystems":true,"showVisualEffectGraphs":true,"m_FxEnabled":true},"in2DMode":false,"pivot":{"x":11.94200325012207,"y":3.0606956481933595,"z":-14.301457405090332},"rotation":{"x":0.13907338678836823,"y":0.480658620595932,"z":-0.07751844078302384,"w":0.8623353838920593},"size":0.8660253882408142,"orthographic":false}