{"cameraMode":{"drawMode":0,"name":"Shaded","section":"Shading Mode"},"sceneLighting":true,"audioPlay":false,"sceneViewState":{"m_AlwaysRefresh":false,"showFog":true,"showSkybox":true,"showFlares":true,"showImageEffects":true,"showParticleSystems":true,"showVisualEffectGraphs":true,"m_FxEnabled":true},"in2DMode":false,"pivot":{"x":-14.816426277160645,"y":2.2028207778930666,"z":6.677217960357666},"rotation":{"x":0.21573080122470857,"y":0.23886185884475709,"z":-0.05459490045905113,"w":0.9452703595161438},"size":6.793944358825684,"orthographic":true}