{"cameraMode":{"drawMode":0,"name":"Shaded","section":"Shading Mode"},"sceneLighting":true,"audioPlay":false,"sceneViewState":{"m_AlwaysRefresh":false,"showFog":true,"showSkybox":true,"showFlares":true,"showImageEffects":true,"showParticleSystems":true,"showVisualEffectGraphs":true,"m_FxEnabled":true},"in2DMode":false,"pivot":{"x":46.29851150512695,"y":-16.476762771606447,"z":7.5315680503845219},"rotation":{"x":0.16389302909374238,"y":0.49841901659965517,"z":-0.09657849371433258,"w":0.8458097577095032},"size":36.50638961791992,"orthographic":false}