{"cameraMode":{"drawMode":0,"name":"Shaded","section":"Shading Mode"},"sceneLighting":true,"audioPlay":false,"sceneViewState":{"m_AlwaysRefresh":false,"showFog":true,"showSkybox":true,"showFlares":true,"showImageEffects":true,"showParticleSystems":true,"showVisualEffectGraphs":true,"m_FxEnabled":true},"in2DMode":false,"pivot":{"x":26.902956008911134,"y":-7.054403305053711,"z":21.172731399536134},"rotation":{"x":-0.27832987904548647,"y":-0.40309736132621767,"z":0.13015097379684449,"w":-0.8620344996452332},"size":38.41679000854492,"orthographic":true}