{"cameraMode":{"drawMode":0,"name":"Shaded","section":"Shading Mode"},"sceneLighting":false,"audioPlay":false,"sceneViewState":{"m_AlwaysRefresh":false,"showFog":true,"showSkybox":false,"showFlares":true,"showImageEffects":true,"showParticleSystems":true,"showVisualEffectGraphs":true,"m_FxEnabled":true},"in2DMode":false,"pivot":{"x":0.015104271471500397,"y":0.26600003242492678,"z":0.015104278922080994},"rotation":{"x":0.11490125209093094,"y":0.5484370589256287,"z":-0.07628463953733444,"w":0.8251936435699463},"size":0.3430137038230896,"orthographic":false}